"beta","x","mu","mu_obs","B","abs_B","M","delta","Delta_crit","bound_radius","lower","upper","width","sign_guaranteed","mu_inside"
-1,0.01,0.106,0.269333333333333,0.163333333333333,0.163333333333333,0.606,0.49,0.444444444444444,0.29694,-0.0276066666666667,0.566273333333333,0.59388,FALSE,TRUE
-0.99,0.01,0.106,0.2677,0.1617,0.1617,0.606,0.4851,0.441749174917492,0.2939706,-0.0262706,0.5616706,0.5879412,FALSE,TRUE
-0.98,0.01,0.106,0.266066666666667,0.160066666666667,0.160066666666667,0.606,0.4802,0.439053905390539,0.2910012,-0.0249345333333333,0.557067866666667,0.5820024,FALSE,TRUE
-0.97,0.01,0.106,0.264433333333333,0.158433333333333,0.158433333333333,0.606,0.4753,0.436358635863586,0.2880318,-0.0235984666666667,0.552465133333333,0.5760636,FALSE,TRUE
-0.96,0.01,0.106,0.2628,0.1568,0.1568,0.606,0.4704,0.433663366336634,0.2850624,-0.0222624,0.5478624,0.5701248,FALSE,TRUE
-0.95,0.01,0.106,0.261166666666667,0.155166666666667,0.155166666666667,0.606,0.4655,0.430968096809681,0.282093,-0.0209263333333333,0.543259666666667,0.564186,FALSE,TRUE
-0.94,0.01,0.106,0.259533333333333,0.153533333333333,0.153533333333333,0.606,0.4606,0.428272827282728,0.2791236,-0.0195902666666666,0.538656933333333,0.5582472,FALSE,TRUE
-0.93,0.01,0.106,0.2579,0.1519,0.1519,0.606,0.4557,0.425577557755776,0.2761542,-0.0182541999999999,0.5340542,0.5523084,FALSE,TRUE
-0.92,0.01,0.106,0.256266666666667,0.150266666666667,0.150266666666667,0.606,0.4508,0.422882288228823,0.2731848,-0.0169181333333333,0.529451466666667,0.5463696,FALSE,TRUE
-0.91,0.01,0.106,0.254633333333333,0.148633333333333,0.148633333333333,0.606,0.4459,0.42018701870187,0.2702154,-0.0155820666666666,0.524848733333333,0.5404308,FALSE,TRUE
-0.9,0.01,0.106,0.253,0.147,0.147,0.606,0.441,0.417491749174917,0.267246,-0.014246,0.520246,0.534492,FALSE,TRUE
-0.89,0.01,0.106,0.251366666666667,0.145366666666667,0.145366666666667,0.606,0.4361,0.414796479647965,0.2642766,-0.0129099333333333,0.515643266666667,0.5285532,FALSE,TRUE
-0.88,0.01,0.106,0.249733333333333,0.143733333333333,0.143733333333333,0.606,0.4312,0.412101210121012,0.2613072,-0.0115738666666666,0.511040533333333,0.5226144,FALSE,TRUE
-0.87,0.01,0.106,0.2481,0.1421,0.1421,0.606,0.4263,0.409405940594059,0.2583378,-0.0102378,0.5064378,0.5166756,FALSE,TRUE
-0.86,0.01,0.106,0.246466666666667,0.140466666666667,0.140466666666667,0.606,0.4214,0.406710671067107,0.2553684,-0.00890173333333333,0.501835066666667,0.5107368,FALSE,TRUE
-0.85,0.01,0.106,0.244833333333333,0.138833333333333,0.138833333333333,0.606,0.4165,0.404015401540154,0.252399,-0.00756566666666664,0.497232333333333,0.504798,FALSE,TRUE
-0.84,0.01,0.106,0.2432,0.1372,0.1372,0.606,0.4116,0.401320132013201,0.2494296,-0.00622959999999997,0.4926296,0.4988592,FALSE,TRUE
-0.83,0.01,0.106,0.241566666666667,0.135566666666667,0.135566666666667,0.606,0.4067,0.398624862486249,0.2464602,-0.00489353333333331,0.488026866666667,0.4929204,FALSE,TRUE
-0.82,0.01,0.106,0.239933333333333,0.133933333333333,0.133933333333333,0.606,0.4018,0.395929592959296,0.2434908,-0.00355746666666665,0.483424133333333,0.4869816,FALSE,TRUE
-0.81,0.01,0.106,0.2383,0.1323,0.1323,0.606,0.3969,0.393234323432343,0.2405214,-0.00222140000000001,0.4788214,0.4810428,FALSE,TRUE
-0.8,0.01,0.106,0.236666666666667,0.130666666666667,0.130666666666667,0.606,0.392,0.390539053905391,0.237552,-0.000885333333333321,0.474218666666667,0.475104,FALSE,TRUE
-0.79,0.01,0.106,0.235033333333333,0.129033333333333,0.129033333333333,0.606,0.3871,0.387843784378438,0.2345826,0.000450733333333342,0.469615933333333,0.4691652,TRUE,TRUE
-0.78,0.01,0.106,0.2334,0.1274,0.1274,0.606,0.3822,0.385148514851485,0.2316132,0.00178680000000001,0.4650132,0.4632264,TRUE,TRUE
-0.77,0.01,0.106,0.231766666666667,0.125766666666667,0.125766666666667,0.606,0.3773,0.382453245324532,0.2286438,0.00312286666666667,0.460410466666667,0.4572876,TRUE,TRUE
-0.76,0.01,0.106,0.230133333333333,0.124133333333333,0.124133333333333,0.606,0.3724,0.37975797579758,0.2256744,0.00445893333333336,0.455807733333333,0.4513488,TRUE,TRUE
-0.75,0.01,0.106,0.2285,0.1225,0.1225,0.606,0.3675,0.377062706270627,0.222705,0.00579500000000002,0.451205,0.44541,TRUE,TRUE
-0.74,0.01,0.106,0.226866666666667,0.120866666666667,0.120866666666667,0.606,0.3626,0.374367436743674,0.2197356,0.00713106666666669,0.446602266666667,0.4394712,TRUE,TRUE
-0.73,0.01,0.106,0.225233333333333,0.119233333333333,0.119233333333333,0.606,0.3577,0.371672167216722,0.2167662,0.00846713333333338,0.441999533333333,0.4335324,TRUE,TRUE
-0.72,0.01,0.106,0.2236,0.1176,0.1176,0.606,0.3528,0.368976897689769,0.2137968,0.00980320000000001,0.4373968,0.4275936,TRUE,TRUE
-0.71,0.01,0.106,0.221966666666667,0.115966666666667,0.115966666666667,0.606,0.3479,0.366281628162816,0.2108274,0.0111392666666667,0.432794066666667,0.4216548,TRUE,TRUE
-0.7,0.01,0.106,0.220333333333333,0.114333333333333,0.114333333333333,0.606,0.343,0.363586358635864,0.207858,0.0124753333333333,0.428191333333333,0.415716,TRUE,TRUE
-0.69,0.01,0.106,0.2187,0.1127,0.1127,0.606,0.3381,0.360891089108911,0.2048886,0.0138114,0.4235886,0.4097772,TRUE,TRUE
-0.68,0.01,0.106,0.217066666666667,0.111066666666667,0.111066666666667,0.606,0.3332,0.358195819581958,0.2019192,0.0151474666666667,0.418985866666667,0.4038384,TRUE,TRUE
-0.67,0.01,0.106,0.215433333333333,0.109433333333333,0.109433333333333,0.606,0.3283,0.355500550055006,0.1989498,0.0164835333333334,0.414383133333333,0.3978996,TRUE,TRUE
-0.66,0.01,0.106,0.2138,0.1078,0.1078,0.606,0.3234,0.352805280528053,0.1959804,0.0178196,0.4097804,0.3919608,TRUE,TRUE
-0.65,0.01,0.106,0.212166666666667,0.106166666666667,0.106166666666667,0.606,0.3185,0.3501100110011,0.193011,0.0191556666666667,0.405177666666667,0.386022,TRUE,TRUE
-0.64,0.01,0.106,0.210533333333333,0.104533333333333,0.104533333333333,0.606,0.3136,0.347414741474147,0.1900416,0.0204917333333334,0.400574933333333,0.3800832,TRUE,TRUE
-0.63,0.01,0.106,0.2089,0.1029,0.1029,0.606,0.3087,0.344719471947195,0.1870722,0.0218278,0.3959722,0.3741444,TRUE,TRUE
-0.62,0.01,0.106,0.207266666666667,0.101266666666667,0.101266666666667,0.606,0.3038,0.342024202420242,0.1841028,0.0231638666666667,0.391369466666667,0.3682056,TRUE,TRUE
-0.61,0.01,0.106,0.205633333333333,0.0996333333333333,0.0996333333333333,0.606,0.2989,0.339328932893289,0.1811334,0.0244999333333333,0.386766733333333,0.3622668,TRUE,TRUE
-0.6,0.01,0.106,0.204,0.098,0.098,0.606,0.294,0.336633663366337,0.178164,0.025836,0.382164,0.356328,TRUE,TRUE
-0.59,0.01,0.106,0.202366666666667,0.0963666666666667,0.0963666666666667,0.606,0.2891,0.333938393839384,0.1751946,0.0271720666666667,0.377561266666667,0.3503892,TRUE,TRUE
-0.58,0.01,0.106,0.200733333333333,0.0947333333333333,0.0947333333333333,0.606,0.2842,0.331243124312431,0.1722252,0.0285081333333334,0.372958533333333,0.3444504,TRUE,TRUE
-0.57,0.01,0.106,0.1991,0.0931,0.0931,0.606,0.2793,0.328547854785479,0.1692558,0.0298442,0.3683558,0.3385116,TRUE,TRUE
-0.56,0.01,0.106,0.197466666666667,0.0914666666666667,0.0914666666666667,0.606,0.2744,0.325852585258526,0.1662864,0.0311802666666667,0.363753066666667,0.3325728,TRUE,TRUE
-0.55,0.01,0.106,0.195833333333333,0.0898333333333333,0.0898333333333333,0.606,0.2695,0.323157315731573,0.163317,0.0325163333333333,0.359150333333333,0.326634,TRUE,TRUE
-0.54,0.01,0.106,0.1942,0.0882,0.0882,0.606,0.2646,0.32046204620462,0.1603476,0.0338524,0.3545476,0.3206952,TRUE,TRUE
-0.53,0.01,0.106,0.192566666666667,0.0865666666666667,0.0865666666666667,0.606,0.2597,0.317766776677668,0.1573782,0.0351884666666667,0.349944866666667,0.3147564,TRUE,TRUE
-0.52,0.01,0.106,0.190933333333333,0.0849333333333333,0.0849333333333333,0.606,0.2548,0.315071507150715,0.1544088,0.0365245333333333,0.345342133333333,0.3088176,TRUE,TRUE
-0.51,0.01,0.106,0.1893,0.0833,0.0833,0.606,0.2499,0.312376237623762,0.1514394,0.0378606,0.3407394,0.3028788,TRUE,TRUE
-0.5,0.01,0.106,0.187666666666667,0.0816666666666667,0.0816666666666667,0.606,0.245,0.30968096809681,0.14847,0.0391966666666667,0.336136666666667,0.29694,TRUE,TRUE
-0.49,0.01,0.106,0.186033333333333,0.0800333333333333,0.0800333333333333,0.606,0.2401,0.306985698569857,0.1455006,0.0405327333333333,0.331533933333333,0.2910012,TRUE,TRUE
-0.48,0.01,0.106,0.1844,0.0784,0.0784,0.606,0.2352,0.304290429042904,0.1425312,0.0418688,0.3269312,0.2850624,TRUE,TRUE
-0.47,0.01,0.106,0.182766666666667,0.0767666666666667,0.0767666666666667,0.606,0.2303,0.301595159515952,0.1395618,0.0432048666666667,0.322328466666667,0.2791236,TRUE,TRUE
-0.46,0.01,0.106,0.181133333333333,0.0751333333333333,0.0751333333333333,0.606,0.2254,0.298899889988999,0.1365924,0.0445409333333333,0.317725733333333,0.2731848,TRUE,TRUE
-0.45,0.01,0.106,0.1795,0.0735,0.0735,0.606,0.2205,0.296204620462046,0.133623,0.045877,0.313123,0.267246,TRUE,TRUE
-0.44,0.01,0.106,0.177866666666667,0.0718666666666667,0.0718666666666667,0.606,0.2156,0.293509350935094,0.1306536,0.0472130666666667,0.308520266666667,0.2613072,TRUE,TRUE
-0.43,0.01,0.106,0.176233333333333,0.0702333333333333,0.0702333333333333,0.606,0.2107,0.290814081408141,0.1276842,0.0485491333333334,0.303917533333333,0.2553684,TRUE,TRUE
-0.42,0.01,0.106,0.1746,0.0686,0.0686,0.606,0.2058,0.288118811881188,0.1247148,0.0498852,0.2993148,0.2494296,TRUE,TRUE
-0.41,0.01,0.106,0.172966666666667,0.0669666666666667,0.0669666666666667,0.606,0.2009,0.285423542354235,0.1217454,0.0512212666666667,0.294712066666667,0.2434908,TRUE,TRUE
-0.4,0.01,0.106,0.171333333333333,0.0653333333333333,0.0653333333333333,0.606,0.196,0.282728272827283,0.118776,0.0525573333333333,0.290109333333333,0.237552,TRUE,TRUE
-0.39,0.01,0.106,0.1697,0.0637,0.0637,0.606,0.1911,0.28003300330033,0.1158066,0.0538934,0.2855066,0.2316132,TRUE,TRUE
-0.38,0.01,0.106,0.168066666666667,0.0620666666666667,0.0620666666666667,0.606,0.1862,0.277337733773377,0.1128372,0.0552294666666667,0.280903866666667,0.2256744,TRUE,TRUE
-0.37,0.01,0.106,0.166433333333333,0.0604333333333333,0.0604333333333333,0.606,0.1813,0.274642464246425,0.1098678,0.0565655333333334,0.276301133333333,0.2197356,TRUE,TRUE
-0.36,0.01,0.106,0.1648,0.0588,0.0588,0.606,0.1764,0.271947194719472,0.1068984,0.0579016,0.2716984,0.2137968,TRUE,TRUE
-0.35,0.01,0.106,0.163166666666667,0.0571666666666667,0.0571666666666667,0.606,0.1715,0.269251925192519,0.103929,0.0592376666666667,0.267095666666667,0.207858,TRUE,TRUE
-0.34,0.01,0.106,0.161533333333333,0.0555333333333333,0.0555333333333333,0.606,0.1666,0.266556655665567,0.1009596,0.0605737333333334,0.262492933333333,0.2019192,TRUE,TRUE
-0.33,0.01,0.106,0.1599,0.0539,0.0539,0.606,0.1617,0.263861386138614,0.0979902,0.0619098,0.2578902,0.1959804,TRUE,TRUE
-0.32,0.01,0.106,0.158266666666667,0.0522666666666667,0.0522666666666667,0.606,0.1568,0.261166116611661,0.0950208,0.0632458666666667,0.253287466666667,0.1900416,TRUE,TRUE
-0.31,0.01,0.106,0.156633333333333,0.0506333333333333,0.0506333333333333,0.606,0.1519,0.258470847084709,0.0920514,0.0645819333333334,0.248684733333333,0.1841028,TRUE,TRUE
-0.3,0.01,0.106,0.155,0.049,0.049,0.606,0.147,0.255775577557756,0.089082,0.065918,0.244082,0.178164,TRUE,TRUE
-0.29,0.01,0.106,0.153366666666667,0.0473666666666667,0.0473666666666667,0.606,0.1421,0.253080308030803,0.0861126,0.0672540666666667,0.239479266666667,0.1722252,TRUE,TRUE
-0.28,0.01,0.106,0.151733333333333,0.0457333333333333,0.0457333333333333,0.606,0.1372,0.25038503850385,0.0831432,0.0685901333333333,0.234876533333333,0.1662864,TRUE,TRUE
-0.27,0.01,0.106,0.1501,0.0441,0.0441,0.606,0.1323,0.247689768976898,0.0801738,0.0699262,0.2302738,0.1603476,TRUE,TRUE
-0.26,0.01,0.106,0.148466666666667,0.0424666666666667,0.0424666666666667,0.606,0.1274,0.244994499449945,0.0772044,0.0712622666666667,0.225671066666667,0.1544088,TRUE,TRUE
-0.25,0.01,0.106,0.146833333333333,0.0408333333333333,0.0408333333333333,0.606,0.1225,0.242299229922992,0.074235,0.0725983333333333,0.221068333333333,0.14847,TRUE,TRUE
-0.24,0.01,0.106,0.1452,0.0392,0.0392,0.606,0.1176,0.23960396039604,0.0712656,0.0739344,0.2164656,0.1425312,TRUE,TRUE
-0.23,0.01,0.106,0.143566666666667,0.0375666666666667,0.0375666666666667,0.606,0.1127,0.236908690869087,0.0682962,0.0752704666666667,0.211862866666667,0.1365924,TRUE,TRUE
-0.22,0.01,0.106,0.141933333333333,0.0359333333333333,0.0359333333333333,0.606,0.1078,0.234213421342134,0.0653268,0.0766065333333333,0.207260133333333,0.1306536,TRUE,TRUE
-0.21,0.01,0.106,0.1403,0.0343,0.0343,0.606,0.1029,0.231518151815182,0.0623574,0.0779426,0.2026574,0.1247148,TRUE,TRUE
-0.2,0.01,0.106,0.138666666666667,0.0326666666666666,0.0326666666666666,0.606,0.098,0.228822882288229,0.059388,0.0792786666666667,0.198054666666667,0.118776,TRUE,TRUE
-0.19,0.01,0.106,0.137033333333333,0.0310333333333333,0.0310333333333333,0.606,0.0931,0.226127612761276,0.0564186,0.0806147333333334,0.193451933333333,0.1128372,TRUE,TRUE
-0.18,0.01,0.106,0.1354,0.0294,0.0294,0.606,0.0882,0.223432343234323,0.0534492,0.0819508,0.1888492,0.1068984,TRUE,TRUE
-0.17,0.01,0.106,0.133766666666667,0.0277666666666667,0.0277666666666667,0.606,0.0833,0.220737073707371,0.0504798,0.0832868666666667,0.184246466666667,0.1009596,TRUE,TRUE
-0.16,0.01,0.106,0.132133333333333,0.0261333333333333,0.0261333333333333,0.606,0.0784,0.218041804180418,0.0475104,0.0846229333333333,0.179643733333333,0.0950208,TRUE,TRUE
-0.15,0.01,0.106,0.1305,0.0245,0.0245,0.606,0.0735,0.215346534653465,0.044541,0.085959,0.175041,0.089082,TRUE,TRUE
-0.14,0.01,0.106,0.128866666666667,0.0228666666666667,0.0228666666666667,0.606,0.0686,0.212651265126513,0.0415716,0.0872950666666667,0.170438266666667,0.0831432,TRUE,TRUE
-0.13,0.01,0.106,0.127233333333333,0.0212333333333333,0.0212333333333333,0.606,0.0637,0.20995599559956,0.0386022,0.0886311333333333,0.165835533333333,0.0772044,TRUE,TRUE
-0.12,0.01,0.106,0.1256,0.0196,0.0196,0.606,0.0588,0.207260726072607,0.0356328,0.0899672,0.1612328,0.0712656,TRUE,TRUE
-0.11,0.01,0.106,0.123966666666667,0.0179666666666667,0.0179666666666667,0.606,0.0539,0.204565456545655,0.0326634,0.0913032666666667,0.156630066666667,0.0653268,TRUE,TRUE
-0.1,0.01,0.106,0.122333333333333,0.0163333333333333,0.0163333333333333,0.606,0.049,0.201870187018702,0.029694,0.0926393333333334,0.152027333333333,0.059388,TRUE,TRUE
-0.09,0.01,0.106,0.1207,0.0147,0.0147,0.606,0.0441,0.199174917491749,0.0267246,0.0939754,0.1474246,0.0534492,TRUE,TRUE
-0.08,0.01,0.106,0.119066666666667,0.0130666666666667,0.0130666666666667,0.606,0.0392,0.196479647964796,0.0237552,0.0953114666666667,0.142821866666667,0.0475104,TRUE,TRUE
-0.07,0.01,0.106,0.117433333333333,0.0114333333333333,0.0114333333333333,0.606,0.0343,0.193784378437844,0.0207858,0.0966475333333333,0.138219133333333,0.0415716,TRUE,TRUE
-0.0599999999999999,0.01,0.106,0.1158,0.00979999999999999,0.00979999999999999,0.606,0.0294,0.191089108910891,0.0178164,0.0979836,0.1336164,0.0356328,TRUE,TRUE
-0.0499999999999999,0.01,0.106,0.114166666666667,0.00816666666666666,0.00816666666666666,0.606,0.0245,0.188393839383938,0.014847,0.0993196666666667,0.129013666666667,0.0296939999999999,TRUE,TRUE
-0.04,0.01,0.106,0.112533333333333,0.00653333333333334,0.00653333333333334,0.606,0.0196,0.185698569856986,0.0118776,0.100655733333333,0.124410933333333,0.0237552,TRUE,TRUE
-0.03,0.01,0.106,0.1109,0.0049,0.0049,0.606,0.0147,0.183003300330033,0.00890820000000001,0.1019918,0.1198082,0.0178164,TRUE,TRUE
-0.02,0.01,0.106,0.109266666666667,0.00326666666666667,0.00326666666666667,0.606,0.00980000000000001,0.18030803080308,0.0059388,0.103327866666667,0.115205466666667,0.0118776,TRUE,TRUE
-0.01,0.01,0.106,0.107633333333333,0.00163333333333333,0.00163333333333333,0.606,0.0049,0.177612761276128,0.0029694,0.104663933333333,0.110602733333333,0.00593879999999999,TRUE,TRUE
0,0.01,0.106,0.106,0,0,0.606,0,0.174917491749175,0,0.106,0.106,0,TRUE,TRUE
0.01,0.01,0.106,0.104366666666667,-0.00163333333333333,0.00163333333333333,0.606,0.0049,0.172222222222222,0.0029694,0.101397266666667,0.107336066666667,0.00593879999999999,TRUE,TRUE
0.02,0.01,0.106,0.102733333333333,-0.00326666666666667,0.00326666666666667,0.606,0.00980000000000001,0.16952695269527,0.0059388,0.0967945333333333,0.108672133333333,0.0118776,TRUE,TRUE
0.03,0.01,0.106,0.1011,-0.0049,0.0049,0.606,0.0147,0.166831683168317,0.00890820000000001,0.0921918,0.1100082,0.0178164,TRUE,TRUE
0.04,0.01,0.106,0.0994666666666667,-0.00653333333333334,0.00653333333333334,0.606,0.0196,0.164136413641364,0.0118776,0.0875890666666667,0.111344266666667,0.0237552,TRUE,TRUE
0.05,0.01,0.106,0.0978333333333333,-0.00816666666666667,0.00816666666666667,0.606,0.0245,0.161441144114411,0.014847,0.0829863333333333,0.112680333333333,0.029694,TRUE,TRUE
0.0600000000000001,0.01,0.106,0.0962,-0.0098,0.0098,0.606,0.0294,0.158745874587459,0.0178164,0.0783836,0.1140164,0.0356328,TRUE,TRUE
0.0700000000000001,0.01,0.106,0.0945666666666667,-0.0114333333333334,0.0114333333333334,0.606,0.0343,0.156050605060506,0.0207858,0.0737808666666666,0.115352466666667,0.0415716,TRUE,TRUE
0.0800000000000001,0.01,0.106,0.0929333333333333,-0.0130666666666667,0.0130666666666667,0.606,0.0392,0.153355335533553,0.0237552,0.0691781333333333,0.116688533333333,0.0475104,TRUE,TRUE
0.0900000000000001,0.01,0.106,0.0913,-0.0147,0.0147,0.606,0.0441,0.150660066006601,0.0267246,0.0645754,0.1180246,0.0534492,TRUE,TRUE
0.1,0.01,0.106,0.0896666666666667,-0.0163333333333334,0.0163333333333334,0.606,0.049,0.147964796479648,0.029694,0.0599726666666666,0.119360666666667,0.0593880000000001,TRUE,TRUE
0.11,0.01,0.106,0.0880333333333333,-0.0179666666666667,0.0179666666666667,0.606,0.0539,0.145269526952695,0.0326634,0.0553699333333333,0.120696733333333,0.0653268,TRUE,TRUE
0.12,0.01,0.106,0.0864,-0.0196,0.0196,0.606,0.0588000000000001,0.142574257425743,0.0356328,0.0507672,0.1220328,0.0712656000000001,TRUE,TRUE
0.13,0.01,0.106,0.0847666666666667,-0.0212333333333334,0.0212333333333334,0.606,0.0637000000000001,0.13987898789879,0.0386022,0.0461644666666666,0.123368866666667,0.0772044000000001,TRUE,TRUE
0.14,0.01,0.106,0.0831333333333333,-0.0228666666666667,0.0228666666666667,0.606,0.0686000000000001,0.137183718371837,0.0415716,0.0415617333333333,0.124704933333333,0.0831432000000001,TRUE,TRUE
0.15,0.01,0.106,0.0815,-0.0245,0.0245,0.606,0.0735000000000001,0.134488448844884,0.044541,0.036959,0.126041,0.0890820000000001,TRUE,TRUE
0.16,0.01,0.106,0.0798666666666667,-0.0261333333333333,0.0261333333333333,0.606,0.0784,0.131793179317932,0.0475104,0.0323562666666667,0.127377066666667,0.0950208,TRUE,TRUE
0.17,0.01,0.106,0.0782333333333334,-0.0277666666666666,0.0277666666666666,0.606,0.0833,0.129097909790979,0.0504798,0.0277535333333334,0.128713133333333,0.1009596,TRUE,TRUE
0.18,0.01,0.106,0.0766,-0.0294,0.0294,0.606,0.0882,0.126402640264026,0.0534492,0.0231508,0.1300492,0.1068984,TRUE,TRUE
0.19,0.01,0.106,0.0749666666666667,-0.0310333333333333,0.0310333333333333,0.606,0.0931,0.123707370737074,0.0564186,0.0185480666666667,0.131385266666667,0.1128372,TRUE,TRUE
0.2,0.01,0.106,0.0733333333333334,-0.0326666666666666,0.0326666666666666,0.606,0.098,0.121012101210121,0.059388,0.0139453333333334,0.132721333333333,0.118776,TRUE,TRUE
0.21,0.01,0.106,0.0717,-0.0343,0.0343,0.606,0.1029,0.118316831683168,0.0623574,0.00934260000000003,0.1340574,0.1247148,TRUE,TRUE
0.22,0.01,0.106,0.0700666666666667,-0.0359333333333333,0.0359333333333333,0.606,0.1078,0.115621562156216,0.0653268,0.0047398666666667,0.135393466666667,0.1306536,TRUE,TRUE
0.23,0.01,0.106,0.0684333333333333,-0.0375666666666667,0.0375666666666667,0.606,0.1127,0.112926292629263,0.0682962,0.000137133333333345,0.136729533333333,0.1365924,TRUE,TRUE
0.24,0.01,0.106,0.0668,-0.0392,0.0392,0.606,0.1176,0.11023102310231,0.0712656,-0.00446559999999999,0.1380656,0.1425312,FALSE,TRUE
0.25,0.01,0.106,0.0651666666666667,-0.0408333333333333,0.0408333333333333,0.606,0.1225,0.107535753575358,0.074235,-0.00906833333333332,0.139401666666667,0.14847,FALSE,TRUE
0.26,0.01,0.106,0.0635333333333333,-0.0424666666666667,0.0424666666666667,0.606,0.1274,0.104840484048405,0.0772044,-0.0136710666666667,0.140737733333333,0.1544088,FALSE,TRUE
0.27,0.01,0.106,0.0619,-0.0441,0.0441,0.606,0.1323,0.102145214521452,0.0801738,-0.0182738,0.1420738,0.1603476,FALSE,TRUE
0.28,0.01,0.106,0.0602666666666667,-0.0457333333333333,0.0457333333333333,0.606,0.1372,0.0994499449944995,0.0831432,-0.0228765333333333,0.143409866666667,0.1662864,FALSE,TRUE
0.29,0.01,0.106,0.0586333333333333,-0.0473666666666667,0.0473666666666667,0.606,0.1421,0.0967546754675468,0.0861126,-0.0274792666666667,0.144745933333333,0.1722252,FALSE,TRUE
0.3,0.01,0.106,0.057,-0.049,0.049,0.606,0.147,0.0940594059405941,0.089082,-0.032082,0.146082,0.178164,FALSE,TRUE
0.31,0.01,0.106,0.0553666666666667,-0.0506333333333333,0.0506333333333333,0.606,0.1519,0.0913641364136414,0.0920514,-0.0366847333333334,0.147418066666667,0.1841028,FALSE,TRUE
0.32,0.01,0.106,0.0537333333333333,-0.0522666666666667,0.0522666666666667,0.606,0.1568,0.0886688668866887,0.0950208,-0.0412874666666667,0.148754133333333,0.1900416,FALSE,TRUE
0.33,0.01,0.106,0.0521,-0.0539,0.0539,0.606,0.1617,0.085973597359736,0.0979902,-0.0458902,0.1500902,0.1959804,FALSE,TRUE
0.34,0.01,0.106,0.0504666666666667,-0.0555333333333333,0.0555333333333333,0.606,0.1666,0.0832783278327833,0.1009596,-0.0504929333333333,0.151426266666667,0.2019192,FALSE,TRUE
0.35,0.01,0.106,0.0488333333333333,-0.0571666666666667,0.0571666666666667,0.606,0.1715,0.0805830583058306,0.103929,-0.0550956666666667,0.152762333333333,0.207858,FALSE,TRUE
0.36,0.01,0.106,0.0472,-0.0588,0.0588,0.606,0.1764,0.0778877887788779,0.1068984,-0.0596984,0.1540984,0.2137968,FALSE,TRUE
0.37,0.01,0.106,0.0455666666666667,-0.0604333333333333,0.0604333333333333,0.606,0.1813,0.0751925192519252,0.1098678,-0.0643011333333334,0.155434466666667,0.2197356,FALSE,TRUE
0.38,0.01,0.106,0.0439333333333333,-0.0620666666666667,0.0620666666666667,0.606,0.1862,0.0724972497249725,0.1128372,-0.0689038666666667,0.156770533333333,0.2256744,FALSE,TRUE
0.39,0.01,0.106,0.0423,-0.0637,0.0637,0.606,0.1911,0.0698019801980198,0.1158066,-0.0735066,0.1581066,0.2316132,FALSE,TRUE
0.4,0.01,0.106,0.0406666666666667,-0.0653333333333334,0.0653333333333334,0.606,0.196,0.0671067106710671,0.118776,-0.0781093333333334,0.159442666666667,0.237552,FALSE,TRUE
0.41,0.01,0.106,0.0390333333333334,-0.0669666666666667,0.0669666666666667,0.606,0.2009,0.0644114411441144,0.1217454,-0.0827120666666666,0.160778733333333,0.2434908,FALSE,TRUE
0.42,0.01,0.106,0.0374,-0.0686,0.0686,0.606,0.2058,0.0617161716171618,0.1247148,-0.0873147999999999,0.1621148,0.2494296,FALSE,TRUE
0.43,0.01,0.106,0.0357666666666667,-0.0702333333333333,0.0702333333333333,0.606,0.2107,0.059020902090209,0.1276842,-0.0919175333333333,0.163450866666667,0.2553684,FALSE,TRUE
0.44,0.01,0.106,0.0341333333333334,-0.0718666666666666,0.0718666666666666,0.606,0.2156,0.0563256325632564,0.1306536,-0.0965202666666666,0.164786933333333,0.2613072,FALSE,TRUE
0.45,0.01,0.106,0.0325,-0.0735,0.0735,0.606,0.2205,0.0536303630363037,0.133623,-0.101123,0.166123,0.267246,FALSE,TRUE
0.46,0.01,0.106,0.0308666666666667,-0.0751333333333333,0.0751333333333333,0.606,0.2254,0.050935093509351,0.1365924,-0.105725733333333,0.167459066666667,0.2731848,FALSE,TRUE
0.47,0.01,0.106,0.0292333333333333,-0.0767666666666667,0.0767666666666667,0.606,0.2303,0.0482398239823983,0.1395618,-0.110328466666667,0.168795133333333,0.2791236,FALSE,TRUE
0.48,0.01,0.106,0.0276,-0.0784,0.0784,0.606,0.2352,0.0455445544554456,0.1425312,-0.1149312,0.1701312,0.2850624,FALSE,TRUE
0.49,0.01,0.106,0.0259666666666667,-0.0800333333333333,0.0800333333333333,0.606,0.2401,0.0428492849284929,0.1455006,-0.119533933333333,0.171467266666667,0.2910012,FALSE,TRUE
0.5,0.01,0.106,0.0243333333333333,-0.0816666666666667,0.0816666666666667,0.606,0.245,0.0401540154015402,0.14847,-0.124136666666667,0.172803333333333,0.29694,FALSE,TRUE
0.51,0.01,0.106,0.0227,-0.0833,0.0833,0.606,0.2499,0.0374587458745875,0.1514394,-0.1287394,0.1741394,0.3028788,FALSE,TRUE
0.52,0.01,0.106,0.0210666666666667,-0.0849333333333333,0.0849333333333333,0.606,0.2548,0.0347634763476348,0.1544088,-0.133342133333333,0.175475466666667,0.3088176,FALSE,TRUE
0.53,0.01,0.106,0.0194333333333333,-0.0865666666666667,0.0865666666666667,0.606,0.2597,0.0320682068206821,0.1573782,-0.137944866666667,0.176811533333333,0.3147564,FALSE,TRUE
0.54,0.01,0.106,0.0178,-0.0882,0.0882,0.606,0.2646,0.0293729372937294,0.1603476,-0.1425476,0.1781476,0.3206952,FALSE,TRUE
0.55,0.01,0.106,0.0161666666666667,-0.0898333333333333,0.0898333333333333,0.606,0.2695,0.0266776677667767,0.163317,-0.147150333333333,0.179483666666667,0.326634,FALSE,TRUE
0.56,0.01,0.106,0.0145333333333333,-0.0914666666666667,0.0914666666666667,0.606,0.2744,0.023982398239824,0.1662864,-0.151753066666667,0.180819733333333,0.3325728,FALSE,TRUE
0.57,0.01,0.106,0.0129,-0.0931,0.0931,0.606,0.2793,0.0212871287128713,0.1692558,-0.1563558,0.1821558,0.3385116,FALSE,TRUE
0.58,0.01,0.106,0.0112666666666667,-0.0947333333333333,0.0947333333333333,0.606,0.2842,0.0185918591859186,0.1722252,-0.160958533333333,0.183491866666667,0.3444504,FALSE,TRUE
0.59,0.01,0.106,0.00963333333333334,-0.0963666666666667,0.0963666666666667,0.606,0.2891,0.0158965896589659,0.1751946,-0.165561266666667,0.184827933333333,0.3503892,FALSE,TRUE
0.6,0.01,0.106,0.00799999999999999,-0.098,0.098,0.606,0.294,0.0132013201320132,0.178164,-0.170164,0.186164,0.356328,FALSE,TRUE
0.61,0.01,0.106,0.00636666666666666,-0.0996333333333334,0.0996333333333334,0.606,0.2989,0.0105060506050605,0.1811334,-0.174766733333333,0.187500066666667,0.3622668,FALSE,TRUE
0.62,0.01,0.106,0.00473333333333333,-0.101266666666667,0.101266666666667,0.606,0.3038,0.0078107810781078,0.1841028,-0.179369466666667,0.188836133333333,0.3682056,FALSE,TRUE
0.63,0.01,0.106,0.00310000000000001,-0.1029,0.1029,0.606,0.3087,0.00511551155115512,0.1870722,-0.1839722,0.1901722,0.3741444,FALSE,TRUE
0.64,0.01,0.106,0.00146666666666666,-0.104533333333333,0.104533333333333,0.606,0.3136,0.00242024202420241,0.1900416,-0.188574933333333,0.191508266666667,0.3800832,FALSE,TRUE
0.65,0.01,0.106,-0.000166666666666676,-0.106166666666667,0.106166666666667,0.606,0.3185,0.000275027502750291,0.193011,-0.193177666666667,0.192844333333333,0.386022,FALSE,TRUE
0.66,0.01,0.106,-0.00180000000000001,-0.1078,0.1078,0.606,0.3234,0.00297029702970299,0.1959804,-0.1977804,0.1941804,0.3919608,FALSE,TRUE
0.67,0.01,0.106,-0.00343333333333332,-0.109433333333333,0.109433333333333,0.606,0.3283,0.00566556655665564,0.1989498,-0.202383133333333,0.195516466666667,0.3978996,FALSE,TRUE
0.68,0.01,0.106,-0.00506666666666664,-0.111066666666667,0.111066666666667,0.606,0.3332,0.00836083608360831,0.2019192,-0.206985866666667,0.196852533333333,0.4038384,FALSE,TRUE
0.69,0.01,0.106,-0.00669999999999997,-0.1127,0.1127,0.606,0.3381,0.011056105610561,0.2048886,-0.2115886,0.1981886,0.4097772,FALSE,TRUE
0.7,0.01,0.106,-0.00833333333333332,-0.114333333333333,0.114333333333333,0.606,0.343,0.0137513751375137,0.207858,-0.216191333333333,0.199524666666667,0.415716,FALSE,TRUE
0.71,0.01,0.106,-0.00996666666666665,-0.115966666666667,0.115966666666667,0.606,0.3479,0.0164466446644664,0.2108274,-0.220794066666667,0.200860733333333,0.4216548,FALSE,TRUE
0.72,0.01,0.106,-0.0116,-0.1176,0.1176,0.606,0.3528,0.0191419141914191,0.2137968,-0.2253968,0.2021968,0.4275936,FALSE,TRUE
0.73,0.01,0.106,-0.0132333333333333,-0.119233333333333,0.119233333333333,0.606,0.3577,0.0218371837183718,0.2167662,-0.229999533333333,0.203532866666667,0.4335324,FALSE,TRUE
0.74,0.01,0.106,-0.0148666666666667,-0.120866666666667,0.120866666666667,0.606,0.3626,0.0245324532453245,0.2197356,-0.234602266666667,0.204868933333333,0.4394712,FALSE,TRUE
0.75,0.01,0.106,-0.0165,-0.1225,0.1225,0.606,0.3675,0.0272277227722772,0.222705,-0.239205,0.206205,0.44541,FALSE,TRUE
0.76,0.01,0.106,-0.0181333333333333,-0.124133333333333,0.124133333333333,0.606,0.3724,0.0299229922992299,0.2256744,-0.243807733333333,0.207541066666667,0.4513488,FALSE,TRUE
0.77,0.01,0.106,-0.0197666666666667,-0.125766666666667,0.125766666666667,0.606,0.3773,0.0326182618261826,0.2286438,-0.248410466666667,0.208877133333333,0.4572876,FALSE,TRUE
0.78,0.01,0.106,-0.0214,-0.1274,0.1274,0.606,0.3822,0.0353135313531353,0.2316132,-0.2530132,0.2102132,0.4632264,FALSE,TRUE
0.79,0.01,0.106,-0.0230333333333333,-0.129033333333333,0.129033333333333,0.606,0.3871,0.038008800880088,0.2345826,-0.257615933333333,0.211549266666667,0.4691652,FALSE,TRUE
0.8,0.01,0.106,-0.0246666666666667,-0.130666666666667,0.130666666666667,0.606,0.392,0.0407040704070407,0.237552,-0.262218666666667,0.212885333333333,0.475104,FALSE,TRUE
0.81,0.01,0.106,-0.0263,-0.1323,0.1323,0.606,0.3969,0.0433993399339934,0.2405214,-0.2668214,0.2142214,0.4810428,FALSE,TRUE
0.82,0.01,0.106,-0.0279333333333333,-0.133933333333333,0.133933333333333,0.606,0.4018,0.0460946094609461,0.2434908,-0.271424133333333,0.215557466666667,0.4869816,FALSE,TRUE
0.83,0.01,0.106,-0.0295666666666667,-0.135566666666667,0.135566666666667,0.606,0.4067,0.0487898789878988,0.2464602,-0.276026866666667,0.216893533333333,0.4929204,FALSE,TRUE
0.84,0.01,0.106,-0.0312,-0.1372,0.1372,0.606,0.4116,0.0514851485148515,0.2494296,-0.2806296,0.2182296,0.4988592,FALSE,TRUE
0.85,0.01,0.106,-0.0328333333333333,-0.138833333333333,0.138833333333333,0.606,0.4165,0.0541804180418042,0.252399,-0.285232333333333,0.219565666666667,0.504798,FALSE,TRUE
0.86,0.01,0.106,-0.0344666666666667,-0.140466666666667,0.140466666666667,0.606,0.4214,0.0568756875687569,0.2553684,-0.289835066666667,0.220901733333333,0.5107368,FALSE,TRUE
0.87,0.01,0.106,-0.0361,-0.1421,0.1421,0.606,0.4263,0.0595709570957096,0.2583378,-0.2944378,0.2222378,0.5166756,FALSE,TRUE
0.88,0.01,0.106,-0.0377333333333333,-0.143733333333333,0.143733333333333,0.606,0.4312,0.0622662266226623,0.2613072,-0.299040533333333,0.223573866666667,0.5226144,FALSE,TRUE
0.89,0.01,0.106,-0.0393666666666667,-0.145366666666667,0.145366666666667,0.606,0.4361,0.064961496149615,0.2642766,-0.303643266666667,0.224909933333333,0.5285532,FALSE,TRUE
0.9,0.01,0.106,-0.041,-0.147,0.147,0.606,0.441,0.0676567656765677,0.267246,-0.308246,0.226246,0.534492,FALSE,TRUE
0.91,0.01,0.106,-0.0426333333333334,-0.148633333333333,0.148633333333333,0.606,0.4459,0.0703520352035204,0.2702154,-0.312848733333333,0.227582066666667,0.5404308,FALSE,TRUE
0.92,0.01,0.106,-0.0442666666666666,-0.150266666666667,0.150266666666667,0.606,0.4508,0.073047304730473,0.2731848,-0.317451466666667,0.228918133333333,0.5463696,FALSE,TRUE
0.93,0.01,0.106,-0.0459,-0.1519,0.1519,0.606,0.4557,0.0757425742574257,0.2761542,-0.3220542,0.2302542,0.5523084,FALSE,TRUE
0.94,0.01,0.106,-0.0475333333333333,-0.153533333333333,0.153533333333333,0.606,0.4606,0.0784378437843784,0.2791236,-0.326656933333333,0.231590266666667,0.5582472,FALSE,TRUE
0.95,0.01,0.106,-0.0491666666666666,-0.155166666666667,0.155166666666667,0.606,0.4655,0.0811331133113311,0.282093,-0.331259666666667,0.232926333333333,0.564186,FALSE,TRUE
0.96,0.01,0.106,-0.0508,-0.1568,0.1568,0.606,0.4704,0.0838283828382838,0.2850624,-0.3358624,0.2342624,0.5701248,FALSE,TRUE
0.97,0.01,0.106,-0.0524333333333333,-0.158433333333333,0.158433333333333,0.606,0.4753,0.0865236523652365,0.2880318,-0.340465133333333,0.235598466666667,0.5760636,FALSE,TRUE
0.98,0.01,0.106,-0.0540666666666667,-0.160066666666667,0.160066666666667,0.606,0.4802,0.0892189218921892,0.2910012,-0.345067866666667,0.236934533333333,0.5820024,FALSE,TRUE
0.99,0.01,0.106,-0.0557,-0.1617,0.1617,0.606,0.4851,0.0919141914191419,0.2939706,-0.3496706,0.2382706,0.5879412,FALSE,TRUE
1,0.01,0.106,-0.0573333333333333,-0.163333333333333,0.163333333333333,0.606,0.49,0.0946094609460946,0.29694,-0.354273333333333,0.239606666666667,0.59388,FALSE,TRUE
