"x","beta","mu","mu_obs","B","abs_B","M","delta","Delta_crit","bound_radius","lower","upper","width","sign_guaranteed","mu_inside"
0.01,-0.8,0.106,0.236666666666667,0.130666666666667,0.130666666666667,0.606,0.392,0.390539053905391,0.237552,-0.000885333333333321,0.474218666666667,0.475104,FALSE,TRUE
0.1,-0.8,0.16,0.266666666666667,0.106666666666667,0.106666666666667,0.66,0.32,0.404040404040404,0.2112,0.0554666666666667,0.477866666666667,0.4224,TRUE,TRUE
0.25,-0.8,0.25,0.316666666666667,0.0666666666666667,0.0666666666666667,0.75,0.2,0.422222222222222,0.15,0.166666666666667,0.466666666666667,0.3,TRUE,TRUE
0.5,-0.8,0.4,0.4,0,0,0.9,0,0.444444444444445,0,0.4,0.4,0,TRUE,TRUE
0.75,-0.8,0.55,0.483333333333333,-0.0666666666666667,0.0666666666666667,1.05,0.2,0.46031746031746,0.21,0.273333333333333,0.693333333333333,0.42,TRUE,TRUE
0.9,-0.8,0.64,0.533333333333333,-0.106666666666667,0.106666666666667,1.14,0.32,0.467836257309941,0.3648,0.168533333333333,0.898133333333333,0.7296,TRUE,TRUE
0.99,-0.8,0.694,0.563333333333333,-0.130666666666667,0.130666666666667,1.194,0.392,0.47180346175321,0.468048,0.0952853333333332,1.03138133333333,0.936096,TRUE,TRUE
0.01,-0.2,0.106,0.138666666666667,0.0326666666666667,0.0326666666666667,0.606,0.098,0.228822882288229,0.059388,0.0792786666666667,0.198054666666667,0.118776,TRUE,TRUE
0.1,-0.2,0.16,0.186666666666667,0.0266666666666667,0.0266666666666667,0.66,0.08,0.282828282828283,0.0528,0.133866666666667,0.239466666666667,0.1056,TRUE,TRUE
0.25,-0.2,0.25,0.266666666666667,0.0166666666666667,0.0166666666666667,0.75,0.05,0.355555555555556,0.0375,0.229166666666667,0.304166666666667,0.075,TRUE,TRUE
0.5,-0.2,0.4,0.4,0,0,0.9,0,0.444444444444445,0,0.4,0.4,0,TRUE,TRUE
0.75,-0.2,0.55,0.533333333333333,-0.0166666666666667,0.0166666666666667,1.05,0.05,0.507936507936508,0.0525,0.480833333333333,0.585833333333333,0.105,TRUE,TRUE
0.9,-0.2,0.64,0.613333333333333,-0.0266666666666667,0.0266666666666667,1.14,0.08,0.538011695906433,0.0912,0.522133333333333,0.704533333333333,0.1824,TRUE,TRUE
0.99,-0.2,0.694,0.661333333333333,-0.0326666666666666,0.0326666666666666,1.194,0.098,0.553880513679509,0.117012,0.544321333333333,0.778345333333333,0.234024,TRUE,TRUE
0.01,0.2,0.106,0.0733333333333333,-0.0326666666666667,0.0326666666666667,0.606,0.098,0.121012101210121,0.059388,0.0139453333333333,0.132721333333333,0.118776,TRUE,TRUE
0.1,0.2,0.16,0.133333333333333,-0.0266666666666667,0.0266666666666667,0.66,0.08,0.202020202020202,0.0528,0.0805333333333333,0.186133333333333,0.1056,TRUE,TRUE
0.25,0.2,0.25,0.233333333333333,-0.0166666666666667,0.0166666666666667,0.75,0.05,0.311111111111111,0.0375,0.195833333333333,0.270833333333333,0.075,TRUE,TRUE
0.5,0.2,0.4,0.4,0,0,0.9,0,0.444444444444445,0,0.4,0.4,0,TRUE,TRUE
0.75,0.2,0.55,0.566666666666667,0.0166666666666667,0.0166666666666667,1.05,0.05,0.53968253968254,0.0525,0.514166666666667,0.619166666666667,0.105,TRUE,TRUE
0.9,0.2,0.64,0.666666666666667,0.0266666666666667,0.0266666666666667,1.14,0.08,0.584795321637427,0.0912,0.575466666666667,0.757866666666667,0.1824,TRUE,TRUE
0.99,0.2,0.694,0.726666666666667,0.0326666666666666,0.0326666666666666,1.194,0.098,0.608598548297041,0.117012,0.609654666666667,0.843678666666667,0.234024,TRUE,TRUE
0.01,0.8,0.106,-0.0246666666666667,-0.130666666666667,0.130666666666667,0.606,0.392,0.0407040704070407,0.237552,-0.262218666666667,0.212885333333333,0.475104,FALSE,TRUE
0.1,0.8,0.16,0.0533333333333333,-0.106666666666667,0.106666666666667,0.66,0.32,0.0808080808080808,0.2112,-0.157866666666667,0.264533333333333,0.4224,FALSE,TRUE
0.25,0.8,0.25,0.183333333333333,-0.0666666666666667,0.0666666666666667,0.75,0.2,0.244444444444444,0.15,0.0333333333333333,0.333333333333333,0.3,TRUE,TRUE
0.5,0.8,0.4,0.4,0,0,0.9,0,0.444444444444445,0,0.4,0.4,0,TRUE,TRUE
0.75,0.8,0.55,0.616666666666667,0.0666666666666667,0.0666666666666667,1.05,0.2,0.587301587301587,0.21,0.406666666666667,0.826666666666667,0.42,TRUE,TRUE
0.9,0.8,0.64,0.746666666666667,0.106666666666667,0.106666666666667,1.14,0.32,0.654970760233918,0.3648,0.381866666666667,1.11146666666667,0.7296,TRUE,TRUE
0.99,0.8,0.694,0.824666666666667,0.130666666666667,0.130666666666667,1.194,0.392,0.690675600223339,0.468048,0.356618666666667,1.29271466666667,0.936096,TRUE,TRUE
